"pathway"	"2"	"3"	"1"
"M1"	2.59742028632127e-164	7.96004937641698e-15	1.4478802214727e-127
"M2"	NA	5.81264208883019e-06	NA
"M3"	0.917450365726228	0.674	0.995
"M4"	1.03718679090555e-34	NA	NA
"M5"	0.298406239403188	NA	0.995
"M6"	7.19994813292664e-43	NA	NA
"M7"	0.917450365726228	0.0762970498474059	0.0723618090452261
"M8"	9.69088621912175e-12	0.674	6.06089972358017e-08
"Not.Correlated"	0.130827335668951	3.01334531696502e-06	3.35978231111829e-05
