"pathway"	"2"	"3"	"1"
"M1"	3.16737068962746	1.72990341236917	-2.92034277213667
"M2"	NA	1.49341132848678	NA
"M3"	0.759596497567699	0.925614162184949	-0.62739795522793
"M4"	-4.6025454283675	NA	NA
"M5"	1.14467161619738	NA	-0.539231205094285
"M6"	-4.96055702299582	NA	NA
"M7"	0.689495366533079	1.37265481972687	-1.34555597700116
"M8"	-3.35453668814975	0.942955886169108	2.96643487529188
"Not.Correlated"	-1.35075516991501	-2.50934915160916	2.44297076409933
